date_time,avg,pollutant
2022-10-01,0.39441707953488372093,CO (mg.m-3)
2022-10-01,30.4906115833333436,NO2 (ug.m-3)
2022-10-01,46.9672875000000000,O3 (ug.m-3)
2022-10-01,17.0593989110874600,PM10 (ug.m-3)
2022-10-01,8.1544379388158627,PM2.5 (ug.m-3)
2022-10-01,6.9867762853211073,SO2 (ug.m-3)
2022-10-02,0.38420343500000000000,CO (mg.m-3)
2022-10-02,20.6362353117283694,NO2 (ug.m-3)
2022-10-02,40.8899476341807857,O3 (ug.m-3)
2022-10-02,11.1970884388215056,PM10 (ug.m-3)
2022-10-02,7.0990634484790324,PM2.5 (ug.m-3)
2022-10-02,6.3996257817756925,SO2 (ug.m-3)
2022-10-03,0.35512609123595505618,CO (mg.m-3)
2022-10-03,19.6281089541283890,NO2 (ug.m-3)
2022-10-03,40.7564897727272727,O3 (ug.m-3)
2022-10-03,9.7337243645148726,PM10 (ug.m-3)
2022-10-03,5.3536536063979841,PM2.5 (ug.m-3)
2022-10-03,6.4429624587797643,SO2 (ug.m-3)
2022-10-04,0.35731880614457831325,CO (mg.m-3)
2022-10-04,25.6346477570093346,NO2 (ug.m-3)
2022-10-04,28.5671024390243902,O3 (ug.m-3)
2022-10-04,12.6274790065899664,PM10 (ug.m-3)
2022-10-04,8.2652157919302916,PM2.5 (ug.m-3)
2022-10-04,6.0984123616352255,SO2 (ug.m-3)
2022-10-05,0.44083267807714781609,CO (mg.m-3)
2022-10-05,34.1636823556547866,NO2 (ug.m-3)
2022-10-05,26.2364405882352941,O3 (ug.m-3)
2022-10-05,26.1138272237081946,PM10 (ug.m-3)
2022-10-05,19.3638623843674491,PM2.5 (ug.m-3)
2022-10-05,8.1846070336363800,SO2 (ug.m-3)
2022-10-06,0.43993354533333333333,CO (mg.m-3)
2022-10-06,33.3654671565217226,NO2 (ug.m-3)
2022-10-06,37.9038044943820225,O3 (ug.m-3)
2022-10-06,29.6601672078322670,PM10 (ug.m-3)
2022-10-06,19.8295115763795200,PM2.5 (ug.m-3)
2022-10-06,11.1922076892753843,SO2 (ug.m-3)
2022-10-07,0.58815315625000000000,CO (mg.m-3)
2022-10-07,46.6122877424242678,NO2 (ug.m-3)
2022-10-07,21.3426200183823500,O3 (ug.m-3)
2022-10-07,48.7198907132768482,PM10 (ug.m-3)
2022-10-07,33.8508026463882946,PM2.5 (ug.m-3)
2022-10-07,9.4643757149275174,SO2 (ug.m-3)
2022-10-08,0.47995093437500000000,CO (mg.m-3)
2022-10-08,39.4554753999999700,NO2 (ug.m-3)
2022-10-08,37.8972416666666667,O3 (ug.m-3)
2022-10-08,33.2875087570621000,PM10 (ug.m-3)
2022-10-08,25.0754381355934000,PM2.5 (ug.m-3)
2022-10-08,7.3328368000000000,SO2 (ug.m-3)
2022-10-09,0.82453401708333333333,CO (mg.m-3)
2022-10-09,60.3270210277777500,NO2 (ug.m-3)
2022-10-09,6.7910354166666667,O3 (ug.m-3)
2022-10-09,65.4872777777778000,PM10 (ug.m-3)
2022-10-09,50.4648842306916000,PM2.5 (ug.m-3)
2022-10-09,7.2135534214285500,SO2 (ug.m-3)
2022-10-10,0.46447762062500000000,CO (mg.m-3)
2022-10-10,26.8380157222221991,NO2 (ug.m-3)
2022-10-10,29.4849664772727273,O3 (ug.m-3)
2022-10-10,48.7574540708232679,PM10 (ug.m-3)
2022-10-10,35.3375429212809018,PM2.5 (ug.m-3)
2022-10-10,7.6502132199699685,SO2 (ug.m-3)
2022-10-11,0.45037285313829787234,CO (mg.m-3)
2022-10-11,29.7991927855191180,NO2 (ug.m-3)
2022-10-11,22.5819698924731183,O3 (ug.m-3)
2022-10-11,55.6485702686684706,PM10 (ug.m-3)
2022-10-11,38.7794791454863277,PM2.5 (ug.m-3)
2022-10-11,8.4521950883190855,SO2 (ug.m-3)
2022-10-12,0.47880478750000000000,CO (mg.m-3)
2022-10-12,30.8626773616070688,NO2 (ug.m-3)
2022-10-12,24.8347650568181818,O3 (ug.m-3)
2022-10-12,68.6826206443685351,PM10 (ug.m-3)
2022-10-12,52.3757374615918070,PM2.5 (ug.m-3)
2022-10-12,8.7380618371681522,SO2 (ug.m-3)
2022-10-13,0.46171717533333333333,CO (mg.m-3)
2022-10-13,28.9456797720797761,NO2 (ug.m-3)
2022-10-13,34.1457769230769231,O3 (ug.m-3)
2022-10-13,54.9083776642990678,PM10 (ug.m-3)
2022-10-13,39.4205242165242479,PM2.5 (ug.m-3)
2022-10-13,8.0289169013238833,SO2 (ug.m-3)
2022-10-14,0.41584299580645161290,CO (mg.m-3)
2022-10-14,27.2041439229692714,NO2 (ug.m-3)
2022-10-14,44.4374323369565217,O3 (ug.m-3)
2022-10-14,35.4266433646023361,PM10 (ug.m-3)
2022-10-14,21.2752100840336218,PM2.5 (ug.m-3)
2022-10-14,6.0313267293103474,SO2 (ug.m-3)
2022-10-15,0.35957452584269662921,CO (mg.m-3)
2022-10-15,19.1496391842105211,NO2 (ug.m-3)
2022-10-15,53.6119675000000000,O3 (ug.m-3)
2022-10-15,26.2442603072494052,PM10 (ug.m-3)
2022-10-15,16.8591652298850655,PM2.5 (ug.m-3)
2022-10-15,8.8956171820175515,SO2 (ug.m-3)
2022-10-16,0.30525348569892473118,CO (mg.m-3)
2022-10-16,18.2894952514368000,NO2 (ug.m-3)
2022-10-16,60.5698446236559140,O3 (ug.m-3)
2022-10-16,20.7934711797089831,PM10 (ug.m-3)
2022-10-16,13.3680649717514331,PM2.5 (ug.m-3)
2022-10-16,11.5964862456845095,SO2 (ug.m-3)
2022-10-17,0.34121263526595744681,CO (mg.m-3)
2022-10-17,25.4600235409604754,NO2 (ug.m-3)
2022-10-17,56.4915023936170213,O3 (ug.m-3)
2022-10-17,30.1785142486027966,PM10 (ug.m-3)
2022-10-17,18.0018559800823619,PM2.5 (ug.m-3)
2022-10-17,16.9561007393162510,SO2 (ug.m-3)
2022-10-18,0.39255773037634408602,CO (mg.m-3)
2022-10-18,32.0185605518207496,NO2 (ug.m-3)
2022-10-18,55.9012733695652174,O3 (ug.m-3)
2022-10-18,32.7314845150636555,PM10 (ug.m-3)
2022-10-18,18.1969196220861361,PM2.5 (ug.m-3)
2022-10-18,12.6935736454023066,SO2 (ug.m-3)
2022-10-19,0.45427658250000000000,CO (mg.m-3)
2022-10-19,35.4820428088685440,NO2 (ug.m-3)
2022-10-19,36.4373525568181818,O3 (ug.m-3)
2022-10-19,50.9928646881631150,PM10 (ug.m-3)
2022-10-19,32.8154021738567965,PM2.5 (ug.m-3)
2022-10-19,9.0499069212121118,SO2 (ug.m-3)
2022-10-20,0.35832453433333333333,CO (mg.m-3)
2022-10-20,28.6525760330459603,NO2 (ug.m-3)
2022-10-20,33.5500903846153846,O3 (ug.m-3)
2022-10-20,29.0189920028934741,PM10 (ug.m-3)
2022-10-20,17.2765564409130629,PM2.5 (ug.m-3)
2022-10-20,7.1323179172464096,SO2 (ug.m-3)
2022-10-21,0.39861815284210526316,CO (mg.m-3)
2022-10-21,29.5057120263888617,NO2 (ug.m-3)
2022-10-21,49.0420521276595745,O3 (ug.m-3)
2022-10-21,32.9063807386245083,PM10 (ug.m-3)
2022-10-21,20.3179199274730283,PM2.5 (ug.m-3)
2022-10-21,15.8474136717438117,SO2 (ug.m-3)
2022-10-22,0.54414627042553191489,CO (mg.m-3)
2022-10-22,44.2574864400584132,NO2 (ug.m-3)
2022-10-22,34.7041569148936170,O3 (ug.m-3)
2022-10-22,42.9762786938358814,PM10 (ug.m-3)
2022-10-22,24.1781878052645126,PM2.5 (ug.m-3)
2022-10-22,12.3036435443478696,SO2 (ug.m-3)
2022-10-23,0.34552248557291666667,CO (mg.m-3)
2022-10-23,25.1435029847222100,NO2 (ug.m-3)
2022-10-23,43.7475791666666667,O3 (ug.m-3)
2022-10-23,15.8427045245739583,PM10 (ug.m-3)
2022-10-23,12.1819510741298817,PM2.5 (ug.m-3)
2022-10-23,14.4539997861344513,SO2 (ug.m-3)
2022-10-24,0.70672670933333333333,CO (mg.m-3)
2022-10-24,54.2790087942029591,NO2 (ug.m-3)
2022-10-24,22.3091057692307692,O3 (ug.m-3)
2022-10-24,57.9001448158103391,PM10 (ug.m-3)
2022-10-24,30.1807393749210696,PM2.5 (ug.m-3)
2022-10-24,15.4499518002898400,SO2 (ug.m-3)
2022-10-25,0.44973866311827956989,CO (mg.m-3)
2022-10-25,35.1464574067796186,NO2 (ug.m-3)
2022-10-25,20.9107772222222222,O3 (ug.m-3)
2022-10-25,37.7369990335216000,PM10 (ug.m-3)
2022-10-25,23.6762229346293298,PM2.5 (ug.m-3)
2022-10-25,9.2485519150724600,SO2 (ug.m-3)
2022-10-26,0.52277637958333333333,CO (mg.m-3)
2022-10-26,39.3481422121211818,NO2 (ug.m-3)
2022-10-26,27.3786966101694947,O3 (ug.m-3)
2022-10-26,29.0344960268491364,PM10 (ug.m-3)
2022-10-26,18.5193456315261017,PM2.5 (ug.m-3)
2022-10-26,9.9938895752824907,SO2 (ug.m-3)
2022-10-27,0.54107639231250000000,CO (mg.m-3)
2022-10-27,43.0082502530863796,NO2 (ug.m-3)
2022-10-27,27.4359370481927711,O3 (ug.m-3)
2022-10-27,35.2286391772060206,PM10 (ug.m-3)
2022-10-27,21.8879603967158899,PM2.5 (ug.m-3)
2022-10-27,20.5616028869158850,SO2 (ug.m-3)
2022-10-28,0.47440973548192771084,CO (mg.m-3)
2022-10-28,37.1883951650640769,NO2 (ug.m-3)
2022-10-28,20.5679870253164557,O3 (ug.m-3)
2022-10-28,47.3560390583218692,PM10 (ug.m-3)
2022-10-28,35.3380887145086759,PM2.5 (ug.m-3)
2022-10-28,11.5683359449659695,SO2 (ug.m-3)
2022-10-29,0.41989664630434782609,CO (mg.m-3)
2022-10-29,27.7755259943019974,NO2 (ug.m-3)
2022-10-29,12.7074271739130435,O3 (ug.m-3)
2022-10-29,49.4705772078321111,PM10 (ug.m-3)
2022-10-29,39.5923052911397009,PM2.5 (ug.m-3)
2022-10-29,8.5394311988304202,SO2 (ug.m-3)
2022-10-30,0.50416658142606428571,CO (mg.m-3)
2022-10-30,27.4353437438212350,NO2 (ug.m-3)
2022-10-30,16.8647136792452830,O3 (ug.m-3)
2022-10-30,54.1729754167699343,PM10 (ug.m-3)
2022-10-30,44.9340546271093088,PM2.5 (ug.m-3)
2022-10-30,11.0229528273077046,SO2 (ug.m-3)
2022-10-31,0.54394802319767441860,CO (mg.m-3)
2022-10-31,31.8718069660493889,NO2 (ug.m-3)
2022-10-31,8.6385433139534884,O3 (ug.m-3)
2022-10-31,71.6240872605695909,PM10 (ug.m-3)
2022-10-31,59.7040621288556909,PM2.5 (ug.m-3)
2022-10-31,10.6130882605918981,SO2 (ug.m-3)
2022-11-01,1.1962996021428571,CO (mg.m-3)
2022-11-01,49.9503983666667064,NO2 (ug.m-3)
2022-11-01,7.6976153614457831,O3 (ug.m-3)
2022-11-01,82.4527052075914404,PM10 (ug.m-3)
2022-11-01,59.4959111381341101,PM2.5 (ug.m-3)
2022-11-01,14.6232360152515953,SO2 (ug.m-3)
2022-11-02,0.60858879201388888889,CO (mg.m-3)
2022-11-02,24.8924570901360888,NO2 (ug.m-3)
2022-11-02,5.6630838028169014,O3 (ug.m-3)
2022-11-02,53.7992852351928469,PM10 (ug.m-3)
2022-11-02,44.6025651177008384,PM2.5 (ug.m-3)
2022-11-02,8.5729131435764021,SO2 (ug.m-3)
2022-11-03,0.52456417750000000000,CO (mg.m-3)
2022-11-03,26.3406949061488738,NO2 (ug.m-3)
2022-11-03,11.0669956790123457,O3 (ug.m-3)
2022-11-03,47.1489788002829245,PM10 (ug.m-3)
2022-11-03,39.2116686628514206,PM2.5 (ug.m-3)
2022-11-03,14.6198298436507705,SO2 (ug.m-3)
2022-11-04,0.60484771117977528090,CO (mg.m-3)
2022-11-04,31.1559496489675487,NO2 (ug.m-3)
2022-11-04,33.0283715517241379,O3 (ug.m-3)
2022-11-04,46.5057845559174248,PM10 (ug.m-3)
2022-11-04,34.4741343538401858,PM2.5 (ug.m-3)
2022-11-04,14.1350852445945541,SO2 (ug.m-3)
2022-11-05,0.59135700461538461538,CO (mg.m-3)
2022-11-05,21.5996073811594209,NO2 (ug.m-3)
2022-11-05,13.1486755555555556,O3 (ug.m-3)
2022-11-05,30.9918935257616522,PM10 (ug.m-3)
2022-11-05,26.9008314932568174,PM2.5 (ug.m-3)
2022-11-05,9.7307795333333270,SO2 (ug.m-3)
2022-11-06,0.48176933930116955556,CO (mg.m-3)
2022-11-06,15.5123380401785509,NO2 (ug.m-3)
2022-11-06,7.3705162921348315,O3 (ug.m-3)
2022-11-06,30.4133486663109655,PM10 (ug.m-3)
2022-11-06,25.5761634195426293,PM2.5 (ug.m-3)
2022-11-06,7.3609715128318602,SO2 (ug.m-3)
2022-11-07,0.53177098034883720930,CO (mg.m-3)
2022-11-07,16.3785976000000273,NO2 (ug.m-3)
2022-11-07,3.4785335892935500,O3 (ug.m-3)
2022-11-07,33.0348165140325000,PM10 (ug.m-3)
2022-11-07,28.2435134299871909,PM2.5 (ug.m-3)
2022-11-07,7.7240663429906738,SO2 (ug.m-3)
2022-11-08,0.53829640700000000000,CO (mg.m-3)
2022-11-08,11.1043844999999500,NO2 (ug.m-3)
2022-11-08,4.2385437500000000,O3 (ug.m-3)
2022-11-08,29.8267029190206667,PM10 (ug.m-3)
2022-11-08,26.6415579096043333,PM2.5 (ug.m-3)
2022-11-08,8.7362451972222833,SO2 (ug.m-3)
2022-11-10,0.48524233083333333333,CO (mg.m-3)
2022-11-10,29.0344314100529048,NO2 (ug.m-3)
2022-11-10,18.2649565000000000,O3 (ug.m-3)
2022-11-10,42.5738140973903810,PM10 (ug.m-3)
2022-11-10,34.6540655361047460,PM2.5 (ug.m-3)
2022-11-10,10.6537323817204145,SO2 (ug.m-3)
2022-11-11,0.46235429684782608696,CO (mg.m-3)
2022-11-11,23.6886677422969185,NO2 (ug.m-3)
2022-11-11,13.4069911111111111,O3 (ug.m-3)
2022-11-11,36.9901378197100000,PM10 (ug.m-3)
2022-11-11,32.3477464169585966,PM2.5 (ug.m-3)
2022-11-11,5.4943915145114922,SO2 (ug.m-3)
2022-11-12,0.54347555694152044444,CO (mg.m-3)
2022-11-12,24.6833239091942912,NO2 (ug.m-3)
2022-11-12,27.5238019230769231,O3 (ug.m-3)
2022-11-12,35.9136456621391709,PM10 (ug.m-3)
2022-11-12,31.1127827123306239,PM2.5 (ug.m-3)
2022-11-12,7.6458355293510327,SO2 (ug.m-3)
2022-11-13,0.46685329223958333333,CO (mg.m-3)
2022-11-13,22.5284624125000367,NO2 (ug.m-3)
2022-11-13,38.3118622395833333,O3 (ug.m-3)
2022-11-13,26.0483715989607750,PM10 (ug.m-3)
2022-11-13,22.4517313317936333,PM2.5 (ug.m-3)
2022-11-13,7.9315758653954644,SO2 (ug.m-3)
2022-11-14,0.59857583120689655172,CO (mg.m-3)
2022-11-14,31.2315966111111081,NO2 (ug.m-3)
2022-11-14,24.2030640957446809,O3 (ug.m-3)
2022-11-14,42.3330051636494054,PM10 (ug.m-3)
2022-11-14,34.4814917277239009,PM2.5 (ug.m-3)
2022-11-14,11.2995068506005748,SO2 (ug.m-3)
2022-11-15,0.84490492960365853659,CO (mg.m-3)
2022-11-15,32.4812565881410048,NO2 (ug.m-3)
2022-11-15,12.6706353260869565,O3 (ug.m-3)
2022-11-15,58.7012538984499817,PM10 (ug.m-3)
2022-11-15,45.3574466404644862,PM2.5 (ug.m-3)
2022-11-15,14.6066078373016067,SO2 (ug.m-3)
2022-11-16,0.84092466857142857143,CO (mg.m-3)
2022-11-16,34.9663983789308396,NO2 (ug.m-3)
2022-11-16,15.3322083333333333,O3 (ug.m-3)
2022-11-16,47.4062583722132708,PM10 (ug.m-3)
2022-11-16,36.8084746694425179,PM2.5 (ug.m-3)
2022-11-16,16.6571892733333429,SO2 (ug.m-3)
2022-11-17,0.64366422880434782609,CO (mg.m-3)
2022-11-17,27.8780588290960644,NO2 (ug.m-3)
2022-11-17,13.7583852150537634,O3 (ug.m-3)
2022-11-17,30.0928178994464839,PM10 (ug.m-3)
2022-11-17,25.9619260470329381,PM2.5 (ug.m-3)
2022-11-17,9.5458811995762703,SO2 (ug.m-3)
2022-11-18,0.75666142809782608696,CO (mg.m-3)
2022-11-18,29.6011380689655707,NO2 (ug.m-3)
2022-11-18,13.4210884615384615,O3 (ug.m-3)
2022-11-18,35.5797952821215250,PM10 (ug.m-3)
2022-11-18,30.2028158183637250,PM2.5 (ug.m-3)
2022-11-18,12.4572967552631596,SO2 (ug.m-3)
2022-11-19,0.55719599208791208791,CO (mg.m-3)
2022-11-19,20.5987171101449365,NO2 (ug.m-3)
2022-11-19,11.2732480769230769,O3 (ug.m-3)
2022-11-19,22.4210702619258835,PM10 (ug.m-3)
2022-11-19,20.1882505064659174,PM2.5 (ug.m-3)
2022-11-19,7.9397513892330283,SO2 (ug.m-3)
2022-11-20,0.46249668005813953488,CO (mg.m-3)
2022-11-20,13.7563360000000018,NO2 (ug.m-3)
2022-11-20,19.5591022988505747,O3 (ug.m-3)
2022-11-20,19.1215747565635378,PM10 (ug.m-3)
2022-11-20,17.6230753597224667,PM2.5 (ug.m-3)
2022-11-20,6.2495413004054255,SO2 (ug.m-3)
2022-11-21,0.60512631686461790698,CO (mg.m-3)
2022-11-21,23.1164400499999855,NO2 (ug.m-3)
2022-11-21,12.7582894886363636,O3 (ug.m-3)
2022-11-21,28.1802273716283947,PM10 (ug.m-3)
2022-11-21,26.8047945518494513,PM2.5 (ug.m-3)
2022-11-21,7.1698983206060627,SO2 (ug.m-3)
2022-11-22,0.50131748857142857143,CO (mg.m-3)
2022-11-22,18.2182562169539793,NO2 (ug.m-3)
2022-11-22,31.5762030120481928,O3 (ug.m-3)
2022-11-22,15.5598413480395138,PM10 (ug.m-3)
2022-11-22,14.0790638520321757,PM2.5 (ug.m-3)
2022-11-22,8.7484630723684211,SO2 (ug.m-3)
2022-11-23,0.51181232108695652174,CO (mg.m-3)
2022-11-23,18.1314521204481950,NO2 (ug.m-3)
2022-11-23,24.7640940217391304,O3 (ug.m-3)
2022-11-23,13.3062083706164034,PM10 (ug.m-3)
2022-11-23,12.2733728300560403,PM2.5 (ug.m-3)
2022-11-23,9.8291229655072800,SO2 (ug.m-3)
2022-11-24,0.56106324319326921348,CO (mg.m-3)
2022-11-24,27.7077570156695410,NO2 (ug.m-3)
2022-11-24,20.4731690860215054,O3 (ug.m-3)
2022-11-24,17.8653835211872750,PM10 (ug.m-3)
2022-11-24,16.2606250200914667,PM2.5 (ug.m-3)
2022-11-24,8.2647651059653252,SO2 (ug.m-3)
2022-11-25,0.65930427750000000000,CO (mg.m-3)
2022-11-25,27.7169724545455149,NO2 (ug.m-3)
2022-11-25,16.5692973118279570,O3 (ug.m-3)
2022-11-25,31.1088983285578182,PM10 (ug.m-3)
2022-11-25,27.5402275045905417,PM2.5 (ug.m-3)
2022-11-25,7.2767761743697429,SO2 (ug.m-3)
2022-11-26,1.00024602771739130435,CO (mg.m-3)
2022-11-26,30.4126030655270368,NO2 (ug.m-3)
2022-11-26,8.2958750000000000,O3 (ug.m-3)
2022-11-26,62.2171549127075259,PM10 (ug.m-3)
2022-11-26,51.3753145165925690,PM2.5 (ug.m-3)
2022-11-26,8.4709389336231887,SO2 (ug.m-3)
2022-11-27,0.75494395428571425532,CO (mg.m-3)
2022-11-27,22.4751676957750261,NO2 (ug.m-3)
2022-11-27,11.0691000000000000,O3 (ug.m-3)
2022-11-27,49.3338889382894000,PM10 (ug.m-3)
2022-11-27,45.9750106814406667,PM2.5 (ug.m-3)
2022-11-27,6.1178104263532735,SO2 (ug.m-3)
2022-11-28,0.65885628670212765957,CO (mg.m-3)
2022-11-28,22.8896317118643831,NO2 (ug.m-3)
2022-11-28,23.7573752688172043,O3 (ug.m-3)
2022-11-28,31.8333048842514661,PM10 (ug.m-3)
2022-11-28,28.4306630451727227,PM2.5 (ug.m-3)
2022-11-28,8.4065735159230256,SO2 (ug.m-3)
2022-11-29,0.56227327106382978723,CO (mg.m-3)
2022-11-29,17.7434334831932706,NO2 (ug.m-3)
2022-11-29,28.7281072580645161,O3 (ug.m-3)
2022-11-29,20.6374355662569212,PM10 (ug.m-3)
2022-11-29,18.7387898650143585,PM2.5 (ug.m-3)
2022-11-29,7.7827957920227880,SO2 (ug.m-3)
2022-11-30,0.45514471969919297872,CO (mg.m-3)
2022-11-30,13.2689023089080103,NO2 (ug.m-3)
2022-11-30,22.4030010638297872,O3 (ug.m-3)
2022-11-30,8.1277351459510433,PM10 (ug.m-3)
2022-11-30,6.3655011064030175,PM2.5 (ug.m-3)
2022-11-30,7.7320339268068744,SO2 (ug.m-3)
2022-12-01,0.46450019417309108696,CO (mg.m-3)
2022-12-01,14.1158111219911613,NO2 (ug.m-3)
2022-12-01,21.9407655111792234,O3 (ug.m-3)
2022-12-01,9.1150640696956714,PM10 (ug.m-3)
2022-12-01,8.1249846816692513,PM2.5 (ug.m-3)
2022-12-01,7.4099776726180407,SO2 (ug.m-3)
2022-12-02,0.56491662366390191489,CO (mg.m-3)
2022-12-02,16.4459452320441692,NO2 (ug.m-3)
2022-12-02,14.3566271739130435,O3 (ug.m-3)
2022-12-02,14.6824352871939842,PM10 (ug.m-3)
2022-12-02,12.9774052565913325,PM2.5 (ug.m-3)
2022-12-02,9.7207494787286609,SO2 (ug.m-3)
2022-12-03,0.56934761842391304348,CO (mg.m-3)
2022-12-03,15.7356621120943717,NO2 (ug.m-3)
2022-12-03,15.2573769021739130,O3 (ug.m-3)
2022-12-03,17.5948562912956331,PM10 (ug.m-3)
2022-12-03,15.7076200564971669,PM2.5 (ug.m-3)
2022-12-03,13.8735432263157781,SO2 (ug.m-3)
2022-12-04,0.52172253678947368421,CO (mg.m-3)
2022-12-04,10.4917031818181628,NO2 (ug.m-3)
2022-12-04,23.5727100000000000,O3 (ug.m-3)
2022-12-04,9.0813236914600620,PM10 (ug.m-3)
2022-12-04,8.1069812672176314,PM2.5 (ug.m-3)
2022-12-04,9.1197658433615780,SO2 (ug.m-3)
2022-12-05,0.54234156445652173913,CO (mg.m-3)
2022-12-05,15.9304343661656462,NO2 (ug.m-3)
2022-12-05,19.9985308510638298,O3 (ug.m-3)
2022-12-05,13.8762880398352746,PM10 (ug.m-3)
2022-12-05,11.8517284313725529,PM2.5 (ug.m-3)
2022-12-05,21.4769870710767250,SO2 (ug.m-3)
2022-12-06,0.67457041725806451613,CO (mg.m-3)
2022-12-06,22.2155611811594365,NO2 (ug.m-3)
2022-12-06,12.7149072580645161,O3 (ug.m-3)
2022-12-06,29.8635772287656695,PM10 (ug.m-3)
2022-12-06,25.6368997175141246,PM2.5 (ug.m-3)
2022-12-06,12.8457832932748237,SO2 (ug.m-3)
2022-12-07,0.70460101687500000000,CO (mg.m-3)
2022-12-07,25.8179067509322991,NO2 (ug.m-3)
2022-12-07,9.1637000000000000,O3 (ug.m-3)
2022-12-07,25.5955323371989763,PM10 (ug.m-3)
2022-12-07,24.2111043215382904,PM2.5 (ug.m-3)
2022-12-07,10.1071693927927811,SO2 (ug.m-3)
2022-12-08,0.92343321812500000000,CO (mg.m-3)
2022-12-08,28.3937846101449130,NO2 (ug.m-3)
2022-12-08,7.4687627777777778,O3 (ug.m-3)
2022-12-08,49.1668146944367826,PM10 (ug.m-3)
2022-12-08,43.0239478153875826,PM2.5 (ug.m-3)
2022-12-08,12.1469871763157649,SO2 (ug.m-3)
2022-12-09,0.81233668876404494382,CO (mg.m-3)
2022-12-09,25.8225848999999145,NO2 (ug.m-3)
2022-12-09,20.9928270114942529,O3 (ug.m-3)
2022-12-09,40.4693452354151681,PM10 (ug.m-3)
2022-12-09,32.2168028165929123,PM2.5 (ug.m-3)
2022-12-09,11.7410274524023730,SO2 (ug.m-3)
2022-12-10,0.52265367887096774194,CO (mg.m-3)
2022-12-10,17.8588185909090983,NO2 (ug.m-3)
2022-12-10,38.0413965053763441,O3 (ug.m-3)
2022-12-10,20.3854910924275492,PM10 (ug.m-3)
2022-12-10,14.0143485661027445,PM2.5 (ug.m-3)
2022-12-10,10.7995443567528871,SO2 (ug.m-3)
2022-12-11,0.65154299257142857143,CO (mg.m-3)
2022-12-11,15.9568828541667193,NO2 (ug.m-3)
2022-12-11,17.8925960144927536,O3 (ug.m-3)
2022-12-11,11.4902703628809045,PM10 (ug.m-3)
2022-12-11,11.0781331686062420,PM2.5 (ug.m-3)
2022-12-11,8.9280498128352575,SO2 (ug.m-3)
2022-12-12,0.78830863178571428571,CO (mg.m-3)
2022-12-12,31.7577970147058676,NO2 (ug.m-3)
2022-12-12,16.2601250000000000,O3 (ug.m-3)
2022-12-12,33.5889985752441250,PM10 (ug.m-3)
2022-12-12,30.5594128514838750,PM2.5 (ug.m-3)
2022-12-12,9.5618340533816667,SO2 (ug.m-3)
2022-12-13,0.83261649565217391304,CO (mg.m-3)
2022-12-13,31.6914121396011513,NO2 (ug.m-3)
2022-12-13,21.3331269230769231,O3 (ug.m-3)
2022-12-13,46.3150144381669829,PM10 (ug.m-3)
2022-12-13,42.1596891159759914,PM2.5 (ug.m-3)
2022-12-13,26.2666313343478000,SO2 (ug.m-3)
2022-12-14,0.64616960793478260870,CO (mg.m-3)
2022-12-14,21.3190561694677706,NO2 (ug.m-3)
2022-12-14,33.5610483870967742,O3 (ug.m-3)
2022-12-14,26.5631926444792881,PM10 (ug.m-3)
2022-12-14,24.5015144290697647,PM2.5 (ug.m-3)
2022-12-14,17.7294156906609310,SO2 (ug.m-3)
2022-12-15,1.0597600090000000,CO (mg.m-3)
2022-12-15,28.6690673208722710,NO2 (ug.m-3)
2022-12-15,17.5723930232558140,O3 (ug.m-3)
2022-12-15,38.7645454861764248,PM10 (ug.m-3)
2022-12-15,34.4806158176069375,PM2.5 (ug.m-3)
2022-12-15,13.2752263689814731,SO2 (ug.m-3)
2022-12-16,0.70793465466216216216,CO (mg.m-3)
2022-12-16,27.9901513945578265,NO2 (ug.m-3)
2022-12-16,24.0120878472222222,O3 (ug.m-3)
2022-12-16,21.5710935417540485,PM10 (ug.m-3)
2022-12-16,16.2407895428301182,PM2.5 (ug.m-3)
2022-12-16,11.0448689125429309,SO2 (ug.m-3)
2022-12-17,0.77963790819444444444,CO (mg.m-3)
2022-12-17,22.6362158038194271,NO2 (ug.m-3)
2022-12-17,12.2816263888888889,O3 (ug.m-3)
2022-12-17,31.4405215784452083,PM10 (ug.m-3)
2022-12-17,29.8370601394366042,PM2.5 (ug.m-3)
2022-12-17,6.7875506417543800,SO2 (ug.m-3)
2022-12-18,0.71595109485915492958,CO (mg.m-3)
2022-12-18,17.3528446268115793,NO2 (ug.m-3)
2022-12-18,31.5223392361111111,O3 (ug.m-3)
2022-12-18,37.2764319460969167,PM10 (ug.m-3)
2022-12-18,36.1468342319321563,PM2.5 (ug.m-3)
2022-12-18,4.6552657951086895,SO2 (ug.m-3)
2022-12-19,0.76754174684523809524,CO (mg.m-3)
2022-12-19,22.7381509128440615,NO2 (ug.m-3)
2022-12-19,24.9556114705882353,O3 (ug.m-3)
2022-12-19,37.2540779503476852,PM10 (ug.m-3)
2022-12-19,35.2851814565656514,PM2.5 (ug.m-3)
2022-12-19,14.7833947919002542,SO2 (ug.m-3)
2022-12-20,0.72611562989361702128,CO (mg.m-3)
2022-12-20,23.9710956709039551,NO2 (ug.m-3)
2022-12-20,29.4850631720430108,O3 (ug.m-3)
2022-12-20,29.3091303472825932,PM10 (ug.m-3)
2022-12-20,26.4552206237323983,PM2.5 (ug.m-3)
2022-12-20,12.7244865782051436,SO2 (ug.m-3)
2022-12-21,1.7047675712087912,CO (mg.m-3)
2022-12-21,53.5173057767857321,NO2 (ug.m-3)
2022-12-21,10.4915076923076923,O3 (ug.m-3)
2022-12-21,91.7410165385710172,PM10 (ug.m-3)
2022-12-21,73.8509280965979138,PM2.5 (ug.m-3)
2022-12-21,29.7266535875730386,SO2 (ug.m-3)
2022-12-22,1.8871924872580645,CO (mg.m-3)
2022-12-22,45.8529298871939725,NO2 (ug.m-3)
2022-12-22,5.1048162283424582,O3 (ug.m-3)
2022-12-22,119.5040600271170917,PM10 (ug.m-3)
2022-12-22,102.0298132564056612,PM2.5 (ug.m-3)
2022-12-22,26.4730383770293162,SO2 (ug.m-3)
2022-12-23,1.5456650598351648,CO (mg.m-3)
2022-12-23,46.1327991508620664,NO2 (ug.m-3)
2022-12-23,8.5857571134244195,O3 (ug.m-3)
2022-12-23,67.3534782004626348,PM10 (ug.m-3)
2022-12-23,57.7902909806760522,PM2.5 (ug.m-3)
2022-12-23,22.6332625349415044,SO2 (ug.m-3)
2022-12-24,1.0901722912903226,CO (mg.m-3)
2022-12-24,36.2020139900285017,NO2 (ug.m-3)
2022-12-24,8.2345747340425532,O3 (ug.m-3)
2022-12-24,43.8717519340412689,PM10 (ug.m-3)
2022-12-24,39.5724836207545882,PM2.5 (ug.m-3)
2022-12-24,14.5647354795652452,SO2 (ug.m-3)
2022-12-25,0.98004152329787234043,CO (mg.m-3)
2022-12-25,32.5566587735043077,NO2 (ug.m-3)
2022-12-25,13.5901593085106383,O3 (ug.m-3)
2022-12-25,47.6335552366904068,PM10 (ug.m-3)
2022-12-25,41.4776486528538390,PM2.5 (ug.m-3)
2022-12-25,20.1278098017094821,SO2 (ug.m-3)
2022-12-26,1.3187770340555556,CO (mg.m-3)
2022-12-26,42.2461747144927426,NO2 (ug.m-3)
2022-12-26,9.9930658333333333,O3 (ug.m-3)
2022-12-26,62.4387348278739826,PM10 (ug.m-3)
2022-12-26,47.3225085825158435,PM2.5 (ug.m-3)
2022-12-26,18.4796767954276938,SO2 (ug.m-3)
2022-12-27,0.67794753125000000000,CO (mg.m-3)
2022-12-27,30.3693112927536400,NO2 (ug.m-3)
2022-12-27,22.6112288043478261,O3 (ug.m-3)
2022-12-27,20.1321562245565761,PM10 (ug.m-3)
2022-12-27,16.7713829808107581,PM2.5 (ug.m-3)
2022-12-27,8.9027176203703611,SO2 (ug.m-3)
2022-12-28,0.79840959463855421687,CO (mg.m-3)
2022-12-28,38.1669702507936571,NO2 (ug.m-3)
2022-12-28,22.2142849397590361,O3 (ug.m-3)
2022-12-28,33.3001997663910645,PM10 (ug.m-3)
2022-12-28,25.2000669044294528,PM2.5 (ug.m-3)
2022-12-28,13.0228167517799301,SO2 (ug.m-3)
2022-12-29,1.1027187800588235,CO (mg.m-3)
2022-12-29,47.9506298333333784,NO2 (ug.m-3)
2022-12-29,12.5504609195402299,O3 (ug.m-3)
2022-12-29,51.6465060094280541,PM10 (ug.m-3)
2022-12-29,37.0950595693138387,PM2.5 (ug.m-3)
2022-12-29,16.6948355038931909,SO2 (ug.m-3)
2022-12-30,0.97440553794736842105,CO (mg.m-3)
2022-12-30,44.7181403046448115,NO2 (ug.m-3)
2022-12-30,20.9142146276595745,O3 (ug.m-3)
2022-12-30,42.9141224897834190,PM10 (ug.m-3)
2022-12-30,29.3698881691333661,PM2.5 (ug.m-3)
2022-12-30,18.7924881490196471,SO2 (ug.m-3)
2022-12-31,1.3783190809473684,CO (mg.m-3)
2022-12-31,45.9681688204023388,NO2 (ug.m-3)
2022-12-31,14.2188550000000000,O3 (ug.m-3)
2022-12-31,60.0815136963209333,PM10 (ug.m-3)
2022-12-31,47.7789028589517083,PM2.5 (ug.m-3)
2022-12-31,17.1635474947293761,SO2 (ug.m-3)
2023-01-01,1.5927710058333333,CO (mg.m-3)
2023-01-01,42.2133818484848397,NO2 (ug.m-3)
2023-01-01,14.6894690104166667,O3 (ug.m-3)
2023-01-01,82.8185586129045083,PM10 (ug.m-3)
2023-01-01,72.5488926804926612,PM2.5 (ug.m-3)
2023-01-01,12.7426683383753420,SO2 (ug.m-3)
2023-01-02,1.5588538186813187,CO (mg.m-3)
2023-01-02,44.3798846522988103,NO2 (ug.m-3)
2023-01-02,11.3584891304347826,O3 (ug.m-3)
2023-01-02,85.7371014115714828,PM10 (ug.m-3)
2023-01-02,74.9205212769198879,PM2.5 (ug.m-3)
2023-01-02,13.8569595267241431,SO2 (ug.m-3)
2023-01-03,1.1384267080645161,CO (mg.m-3)
2023-01-03,26.0117721976401478,NO2 (ug.m-3)
2023-01-03,14.8358608695652174,O3 (ug.m-3)
2023-01-03,55.3700963342318718,PM10 (ug.m-3)
2023-01-03,50.0600696545126581,PM2.5 (ug.m-3)
2023-01-03,10.7805777380116982,SO2 (ug.m-3)
2023-01-04,0.97392172338541666667,CO (mg.m-3)
2023-01-04,27.4166392499999975,NO2 (ug.m-3)
2023-01-04,10.1489390625000000,O3 (ug.m-3)
2023-01-04,46.4444294884151083,PM10 (ug.m-3)
2023-01-04,41.0664183802519333,PM2.5 (ug.m-3)
2023-01-04,10.4779431124650008,SO2 (ug.m-3)
2023-01-05,0.98112140858695652174,CO (mg.m-3)
2023-01-05,36.4528546750700084,NO2 (ug.m-3)
2023-01-05,13.6582156914893617,O3 (ug.m-3)
2023-01-05,42.2941189080110588,PM10 (ug.m-3)
2023-01-05,35.8781291540578655,PM2.5 (ug.m-3)
2023-01-05,14.2326065730084523,SO2 (ug.m-3)
2023-01-06,0.91083142700000000000,CO (mg.m-3)
2023-01-06,31.3610610097200957,NO2 (ug.m-3)
2023-01-06,23.1955183510638298,O3 (ug.m-3)
2023-01-06,35.2651322028301408,PM10 (ug.m-3)
2023-01-06,31.4926567187237256,PM2.5 (ug.m-3)
2023-01-06,11.5933681640351168,SO2 (ug.m-3)
2023-01-07,1.2493847855851064,CO (mg.m-3)
2023-01-07,38.1395244844632797,NO2 (ug.m-3)
2023-01-07,22.2012395161290323,O3 (ug.m-3)
2023-01-07,64.4965374862944271,PM10 (ug.m-3)
2023-01-07,60.6548782479829492,PM2.5 (ug.m-3)
2023-01-07,15.2963680030796772,SO2 (ug.m-3)
2023-01-08,1.0877230536413043,CO (mg.m-3)
2023-01-08,31.2809288689459145,NO2 (ug.m-3)
2023-01-08,23.5506889784946237,O3 (ug.m-3)
2023-01-08,59.2661736362935983,PM10 (ug.m-3)
2023-01-08,56.3354404251479915,PM2.5 (ug.m-3)
2023-01-08,18.8992160292114624,SO2 (ug.m-3)
2023-01-09,0.74824940626373626374,CO (mg.m-3)
2023-01-09,21.2371182767857125,NO2 (ug.m-3)
2023-01-09,33.5721230769230769,O3 (ug.m-3)
2023-01-09,26.6158866957630345,PM10 (ug.m-3)
2023-01-09,24.3931188360338017,PM2.5 (ug.m-3)
2023-01-09,11.9684619403703733,SO2 (ug.m-3)
2023-01-10,0.62093238888297872340,CO (mg.m-3)
2023-01-10,19.4621368486111142,NO2 (ug.m-3)
2023-01-10,29.4216736559139785,O3 (ug.m-3)
2023-01-10,10.3390552818238798,PM10 (ug.m-3)
2023-01-10,9.6574175958794613,PM2.5 (ug.m-3)
2023-01-10,9.8480227224422525,SO2 (ug.m-3)
2023-01-11,0.66804229369565217391,CO (mg.m-3)
2023-01-11,22.5621961878530983,NO2 (ug.m-3)
2023-01-11,23.8006717741935484,O3 (ug.m-3)
2023-01-11,18.4447314379502724,PM10 (ug.m-3)
2023-01-11,17.3039663884975091,PM2.5 (ug.m-3)
2023-01-11,7.4443687314971603,SO2 (ug.m-3)
2023-01-12,1.00446283183150186813,CO (mg.m-3)
2023-01-12,32.0164075271787857,NO2 (ug.m-3)
2023-01-12,10.1890423076923077,O3 (ug.m-3)
2023-01-12,50.8049867698021262,PM10 (ug.m-3)
2023-01-12,44.5010292717545825,PM2.5 (ug.m-3)
2023-01-12,13.8066312343367292,SO2 (ug.m-3)
2023-01-13,0.82832383196808510638,CO (mg.m-3)
2023-01-13,28.7875247841529943,NO2 (ug.m-3)
2023-01-13,19.4843585106382979,O3 (ug.m-3)
2023-01-13,47.2534363763782479,PM10 (ug.m-3)
2023-01-13,42.6197173889205702,PM2.5 (ug.m-3)
2023-01-13,21.4934508210023621,SO2 (ug.m-3)
2023-01-14,0.90071612849462365591,CO (mg.m-3)
2023-01-14,26.7210845026333110,NO2 (ug.m-3)
2023-01-14,8.8729730772735559,O3 (ug.m-3)
2023-01-14,50.4637692497540000,PM10 (ug.m-3)
2023-01-14,47.2297155378647373,PM2.5 (ug.m-3)
2023-01-14,14.4067865091784203,SO2 (ug.m-3)
2023-01-15,0.73088830215789473684,CO (mg.m-3)
2023-01-15,22.5209017032163596,NO2 (ug.m-3)
2023-01-15,30.7769000000000000,O3 (ug.m-3)
2023-01-15,35.4319557940282017,PM10 (ug.m-3)
2023-01-15,33.0007419762608487,PM2.5 (ug.m-3)
2023-01-15,10.9348591207626932,SO2 (ug.m-3)
2023-01-16,0.69902052115789473684,CO (mg.m-3)
2023-01-16,23.3718122000000283,NO2 (ug.m-3)
2023-01-16,33.1259705729166667,O3 (ug.m-3)
2023-01-16,27.2942644633451750,PM10 (ug.m-3)
2023-01-16,24.3917268964620333,PM2.5 (ug.m-3)
2023-01-16,13.6217163816091767,SO2 (ug.m-3)
2023-01-17,0.59343413952127659574,CO (mg.m-3)
2023-01-17,24.0635912305555508,NO2 (ug.m-3)
2023-01-17,37.7775047222222222,O3 (ug.m-3)
2023-01-17,14.2234630673324192,PM10 (ug.m-3)
2023-01-17,12.3447027135519733,PM2.5 (ug.m-3)
2023-01-17,12.9686858012605067,SO2 (ug.m-3)
2023-01-18,0.58992048326315789474,CO (mg.m-3)
2023-01-18,26.3781214425287302,NO2 (ug.m-3)
2023-01-18,43.0813340909090909,O3 (ug.m-3)
2023-01-18,11.6335024898762833,PM10 (ug.m-3)
2023-01-18,8.9415116330930570,PM2.5 (ug.m-3)
2023-01-18,13.8126150255649873,SO2 (ug.m-3)
2023-01-19,0.53927670270833333333,CO (mg.m-3)
2023-01-19,19.8967158030303050,NO2 (ug.m-3)
2023-01-19,41.5061850000000000,O3 (ug.m-3)
2023-01-19,11.8920051755173133,PM10 (ug.m-3)
2023-01-19,9.5219187260606133,PM2.5 (ug.m-3)
2023-01-19,9.7910407196581197,SO2 (ug.m-3)
2023-01-20,0.69008868016483516484,CO (mg.m-3)
2023-01-20,21.7694774590395500,NO2 (ug.m-3)
2023-01-20,18.4383763440860215,O3 (ug.m-3)
2023-01-20,25.7280173578501610,PM10 (ug.m-3)
2023-01-20,25.0502453053238644,PM2.5 (ug.m-3)
2023-01-20,9.6276179975988661,SO2 (ug.m-3)
2023-01-21,0.82344349015789473684,CO (mg.m-3)
2023-01-21,19.9823911382902095,NO2 (ug.m-3)
2023-01-21,14.0179170212765957,O3 (ug.m-3)
2023-01-21,38.0104245013359752,PM10 (ug.m-3)
2023-01-21,36.1195117682937934,PM2.5 (ug.m-3)
2023-01-21,7.9170805696327415,SO2 (ug.m-3)
2023-01-22,0.80537343873684210526,CO (mg.m-3)
2023-01-22,20.4763989375000167,NO2 (ug.m-3)
2023-01-22,15.1568900000000000,O3 (ug.m-3)
2023-01-22,42.2304305508906917,PM10 (ug.m-3)
2023-01-22,36.8840629413535167,PM2.5 (ug.m-3)
2023-01-22,14.6718543617815983,SO2 (ug.m-3)
2023-01-23,0.57538043483870967742,CO (mg.m-3)
2023-01-23,15.3022623039215471,NO2 (ug.m-3)
2023-01-23,31.0039625000000000,O3 (ug.m-3)
2023-01-23,12.3173598276156050,PM10 (ug.m-3)
2023-01-23,10.9782849720607571,PM2.5 (ug.m-3)
2023-01-23,16.4162184655367458,SO2 (ug.m-3)
2023-01-24,0.63627741801724137931,CO (mg.m-3)
2023-01-24,18.0280048098591310,NO2 (ug.m-3)
2023-01-24,28.5982666666666667,O3 (ug.m-3)
2023-01-24,17.6157969765800849,PM10 (ug.m-3)
2023-01-24,14.6872634227970192,PM2.5 (ug.m-3)
2023-01-24,18.6199142687214863,SO2 (ug.m-3)
2023-01-25,0.64461896351648351648,CO (mg.m-3)
2023-01-25,17.1897701408046241,NO2 (ug.m-3)
2023-01-25,31.5761365384615385,O3 (ug.m-3)
2023-01-25,18.4771111895659569,PM10 (ug.m-3)
2023-01-25,15.8007692360145517,PM2.5 (ug.m-3)
2023-01-25,10.8058912827380997,SO2 (ug.m-3)
2023-01-26,0.61933994579787234043,CO (mg.m-3)
2023-01-26,16.9758185055555342,NO2 (ug.m-3)
2023-01-26,33.3371850000000000,O3 (ug.m-3)
2023-01-26,17.9215729483367667,PM10 (ug.m-3)
2023-01-26,15.9115131140332417,PM2.5 (ug.m-3)
2023-01-26,12.0480072588235151,SO2 (ug.m-3)
2023-01-27,0.71777365054896422222,CO (mg.m-3)
2023-01-27,22.2639385644673313,NO2 (ug.m-3)
2023-01-27,24.0617547752808989,O3 (ug.m-3)
2023-01-27,25.9299127897501478,PM10 (ug.m-3)
2023-01-27,25.1388222404724138,PM2.5 (ug.m-3)
2023-01-27,6.5553317772549261,SO2 (ug.m-3)
2023-01-28,0.78852720812500000000,CO (mg.m-3)
2023-01-28,24.3504484241071250,NO2 (ug.m-3)
2023-01-28,17.8272359195402299,O3 (ug.m-3)
2023-01-28,35.7225624903872679,PM10 (ug.m-3)
2023-01-28,34.8342186420170714,PM2.5 (ug.m-3)
2023-01-28,6.8854176283018934,SO2 (ug.m-3)
2023-01-29,0.70741920885542168675,CO (mg.m-3)
2023-01-29,18.8624112999999673,NO2 (ug.m-3)
2023-01-29,24.5040764705882353,O3 (ug.m-3)
2023-01-29,31.5064058249730727,PM10 (ug.m-3)
2023-01-29,30.7250518923896909,PM2.5 (ug.m-3)
2023-01-29,5.9845190057098867,SO2 (ug.m-3)
2023-01-30,0.79702784989473684211,CO (mg.m-3)
2023-01-30,25.4828810748587347,NO2 (ug.m-3)
2023-01-30,32.1696550000000000,O3 (ug.m-3)
2023-01-30,34.1527871647509167,PM10 (ug.m-3)
2023-01-30,29.4942619615741983,PM2.5 (ug.m-3)
2023-01-30,19.6264596423417737,SO2 (ug.m-3)
2023-01-31,0.68050777885869565217,CO (mg.m-3)
2023-01-31,23.3525851025640897,NO2 (ug.m-3)
2023-01-31,34.5270192307692308,O3 (ug.m-3)
2023-01-31,21.1029475452951509,PM10 (ug.m-3)
2023-01-31,18.3235338496006259,PM2.5 (ug.m-3)
2023-01-31,9.2275970824129576,SO2 (ug.m-3)
2023-02-01,0.78675135994680851064,CO (mg.m-3)
2023-02-01,31.7522536680555392,NO2 (ug.m-3)
2023-02-01,29.8716950000000000,O3 (ug.m-3)
2023-02-01,29.5927757327361176,PM10 (ug.m-3)
2023-02-01,21.4631697504708417,PM2.5 (ug.m-3)
2023-02-01,12.7990667294294333,SO2 (ug.m-3)
2023-02-02,0.70917397696808510638,CO (mg.m-3)
2023-02-02,28.2562498724637391,NO2 (ug.m-3)
2023-02-02,35.7364922043010753,O3 (ug.m-3)
2023-02-02,22.4006526070392966,PM10 (ug.m-3)
2023-02-02,17.9517261311303756,PM2.5 (ug.m-3)
2023-02-02,11.9741214866436466,SO2 (ug.m-3)
2023-02-03,0.66415687930107526882,CO (mg.m-3)
2023-02-03,25.7052656363636512,NO2 (ug.m-3)
2023-02-03,39.1813401595744681,O3 (ug.m-3)
2023-02-03,16.6535220358648769,PM10 (ug.m-3)
2023-02-03,11.9843902927580835,PM2.5 (ug.m-3)
2023-02-03,16.0755178280172980,SO2 (ug.m-3)
2023-02-04,0.56562280377777777778,CO (mg.m-3)
2023-02-04,12.9285737625000217,NO2 (ug.m-3)
2023-02-04,50.1895739130434783,O3 (ug.m-3)
2023-02-04,7.5929255660869316,PM10 (ug.m-3)
2023-02-04,6.6118733352648675,PM2.5 (ug.m-3)
2023-02-04,10.1880641588495664,SO2 (ug.m-3)
2023-02-05,0.58236631465517241379,CO (mg.m-3)
2023-02-05,9.8088863831775430,NO2 (ug.m-3)
2023-02-05,45.0404117816091954,O3 (ug.m-3)
2023-02-05,10.6226124124416982,PM10 (ug.m-3)
2023-02-05,9.6864596419915027,PM2.5 (ug.m-3)
2023-02-05,9.0480635213761709,SO2 (ug.m-3)
2023-02-06,0.67060976437500000000,CO (mg.m-3)
2023-02-06,16.4342305907738304,NO2 (ug.m-3)
2023-02-06,31.8698227272727273,O3 (ug.m-3)
2023-02-06,22.0618124343817143,PM10 (ug.m-3)
2023-02-06,19.5605353333472232,PM2.5 (ug.m-3)
2023-02-06,9.6612574800000000,SO2 (ug.m-3)
2023-02-07,0.75907713632978723404,CO (mg.m-3)
2023-02-07,24.3394910310734322,NO2 (ug.m-3)
2023-02-07,26.3833444148936170,O3 (ug.m-3)
2023-02-07,34.0542901917332083,PM10 (ug.m-3)
2023-02-07,29.7404293387557417,PM2.5 (ug.m-3)
2023-02-07,9.1485379033898466,SO2 (ug.m-3)
2023-02-08,0.81944151885869565217,CO (mg.m-3)
2023-02-08,25.3400565162242212,NO2 (ug.m-3)
2023-02-08,36.2895559782608696,O3 (ug.m-3)
2023-02-08,41.0407413108655470,PM10 (ug.m-3)
2023-02-08,36.9302155113377692,PM2.5 (ug.m-3)
2023-02-08,15.8698582512815009,SO2 (ug.m-3)
2023-02-09,0.69058184250000000000,CO (mg.m-3)
2023-02-09,21.9990794957627000,NO2 (ug.m-3)
2023-02-09,54.1205602150537634,O3 (ug.m-3)
2023-02-09,28.2788520287211610,PM10 (ug.m-3)
2023-02-09,24.6258960292264712,PM2.5 (ug.m-3)
2023-02-09,19.0821626997844922,SO2 (ug.m-3)
2023-02-10,1.0195195975000000,CO (mg.m-3)
2023-02-10,44.6209615360863545,NO2 (ug.m-3)
2023-02-10,40.0556538461538462,O3 (ug.m-3)
2023-02-10,54.1649276797838220,PM10 (ug.m-3)
2023-02-10,44.4247105061780254,PM2.5 (ug.m-3)
2023-02-10,24.8793103178362675,SO2 (ug.m-3)
2023-02-11,1.2786812030208333,CO (mg.m-3)
2023-02-11,53.4302927772989138,NO2 (ug.m-3)
2023-02-11,30.7768650000000000,O3 (ug.m-3)
2023-02-11,81.8281397194708333,PM10 (ug.m-3)
2023-02-11,71.8259913642259250,PM2.5 (ug.m-3)
2023-02-11,28.1536397489606252,SO2 (ug.m-3)
2023-02-12,0.92118187005263157895,CO (mg.m-3)
2023-02-12,27.3928666159420165,NO2 (ug.m-3)
2023-02-12,33.8415350000000000,O3 (ug.m-3)
2023-02-12,56.9337581914495750,PM10 (ug.m-3)
2023-02-12,52.3043700077438750,PM2.5 (ug.m-3)
2023-02-12,18.6103349760869635,SO2 (ug.m-3)
2023-02-13,1.1243775003249182,CO (mg.m-3)
2023-02-13,46.5451598264411137,NO2 (ug.m-3)
2023-02-13,22.0234912234042553,O3 (ug.m-3)
2023-02-13,64.4377211813699832,PM10 (ug.m-3)
2023-02-13,57.0552530877896723,PM2.5 (ug.m-3)
2023-02-13,16.7917858665242145,SO2 (ug.m-3)
2023-02-14,0.91515116231578947368,CO (mg.m-3)
2023-02-14,34.4353881666666957,NO2 (ug.m-3)
2023-02-14,16.4138271276595745,O3 (ug.m-3)
2023-02-14,44.5395886937752101,PM10 (ug.m-3)
2023-02-14,38.6473357604292521,PM2.5 (ug.m-3)
2023-02-14,12.0295949663740737,SO2 (ug.m-3)
2023-02-15,1.00968422789473684211,CO (mg.m-3)
2023-02-15,36.0492167002801345,NO2 (ug.m-3)
2023-02-15,29.0002300000000000,O3 (ug.m-3)
2023-02-15,54.7491951066655210,PM10 (ug.m-3)
2023-02-15,48.0436196300477311,PM2.5 (ug.m-3)
2023-02-15,16.2198126354749769,SO2 (ug.m-3)
2023-02-16,1.2722590410869565,CO (mg.m-3)
2023-02-16,52.5467467997197782,NO2 (ug.m-3)
2023-02-16,26.6010965425531915,O3 (ug.m-3)
2023-02-16,82.0690199750667167,PM10 (ug.m-3)
2023-02-16,70.0045673657800333,PM2.5 (ug.m-3)
2023-02-16,29.3327005090516328,SO2 (ug.m-3)
2023-02-17,1.3561155915760870,CO (mg.m-3)
2023-02-17,54.2686957681159565,NO2 (ug.m-3)
2023-02-17,27.7830922043010753,O3 (ug.m-3)
2023-02-17,74.2080668588007966,PM10 (ug.m-3)
2023-02-17,62.2605326549975169,PM2.5 (ug.m-3)
2023-02-17,26.3050357378526724,SO2 (ug.m-3)
2023-02-18,1.1165597481382979,CO (mg.m-3)
2023-02-18,45.0741922598870390,NO2 (ug.m-3)
2023-02-18,34.6860385869565217,O3 (ug.m-3)
2023-02-18,51.7120558958215593,PM10 (ug.m-3)
2023-02-18,39.5080577423322542,PM2.5 (ug.m-3)
2023-02-18,22.4759732910920034,SO2 (ug.m-3)
2023-02-19,0.71917439650537634409,CO (mg.m-3)
2023-02-19,24.5024777962962991,NO2 (ug.m-3)
2023-02-19,50.8194061170212766,O3 (ug.m-3)
2023-02-19,27.1548273794590220,PM10 (ug.m-3)
2023-02-19,22.1036885862463737,PM2.5 (ug.m-3)
2023-02-19,15.7539426910256385,SO2 (ug.m-3)
2023-02-20,0.78794170021505376344,CO (mg.m-3)
2023-02-20,30.9930332005899903,NO2 (ug.m-3)
2023-02-20,40.2117991935483871,O3 (ug.m-3)
2023-02-20,21.5059873286071744,PM10 (ug.m-3)
2023-02-20,13.4770294405354479,PM2.5 (ug.m-3)
2023-02-20,32.8528965912748474,SO2 (ug.m-3)
2023-02-21,1.0262977397550758,CO (mg.m-3)
2023-02-21,51.0399567168285340,NO2 (ug.m-3)
2023-02-21,29.4160375000000000,O3 (ug.m-3)
2023-02-21,40.6599047681168291,PM10 (ug.m-3)
2023-02-21,26.8726900923939918,PM2.5 (ug.m-3)
2023-02-21,19.7235957392977613,SO2 (ug.m-3)
2023-02-22,1.0419710472527473,CO (mg.m-3)
2023-02-22,43.0738483717948436,NO2 (ug.m-3)
2023-02-22,25.4332110215053763,O3 (ug.m-3)
2023-02-22,52.2515433701097239,PM10 (ug.m-3)
2023-02-22,40.9092030261172479,PM2.5 (ug.m-3)
2023-02-22,16.3181874436231783,SO2 (ug.m-3)
2023-02-23,0.90539911000000000000,CO (mg.m-3)
2023-02-23,27.6168589380531389,NO2 (ug.m-3)
2023-02-23,36.3216171011422283,O3 (ug.m-3)
2023-02-23,44.5823352857955214,PM10 (ug.m-3)
2023-02-23,35.4668029266314017,PM2.5 (ug.m-3)
2023-02-23,15.5277881053988360,SO2 (ug.m-3)
2023-02-24,0.77893876076923076923,CO (mg.m-3)
2023-02-24,30.0347995423728585,NO2 (ug.m-3)
2023-02-24,30.0459649456521739,O3 (ug.m-3)
2023-02-24,39.5896650318831780,PM10 (ug.m-3)
2023-02-24,27.8319493724293220,PM2.5 (ug.m-3)
2023-02-24,27.9373442743477730,SO2 (ug.m-3)
2023-02-25,0.62396877095744680851,CO (mg.m-3)
2023-02-25,18.5067716736694765,NO2 (ug.m-3)
2023-02-25,52.2269776595744681,O3 (ug.m-3)
2023-02-25,19.5122847219037647,PM10 (ug.m-3)
2023-02-25,13.5507713596053958,PM2.5 (ug.m-3)
2023-02-25,11.7336605747175203,SO2 (ug.m-3)
2023-02-26,0.71122779570652173913,CO (mg.m-3)
2023-02-26,19.1496376860118982,NO2 (ug.m-3)
2023-02-26,39.7440502717391304,O3 (ug.m-3)
2023-02-26,15.0660988271497832,PM10 (ug.m-3)
2023-02-26,14.7874512175376544,PM2.5 (ug.m-3)
2023-02-26,8.9434858567673948,SO2 (ug.m-3)
2023-02-27,0.71408140360215053763,CO (mg.m-3)
2023-02-27,18.7914940804597675,NO2 (ug.m-3)
2023-02-27,37.2182981182795699,O3 (ug.m-3)
2023-02-27,22.0841479049126821,PM10 (ug.m-3)
2023-02-27,20.8644054224161171,PM2.5 (ug.m-3)
2023-02-27,7.5280868021739235,SO2 (ug.m-3)
2023-02-28,0.75486760402777777778,CO (mg.m-3)
2023-02-28,18.5342492600732615,NO2 (ug.m-3)
2023-02-28,24.6398663194444444,O3 (ug.m-3)
2023-02-28,26.8810030246324778,PM10 (ug.m-3)
2023-02-28,25.0704919718039556,PM2.5 (ug.m-3)
2023-02-28,7.7511255524074344,SO2 (ug.m-3)
2023-03-01,0.71632518078431372549,CO (mg.m-3)
2023-03-01,16.2306376833333750,NO2 (ug.m-3)
2023-03-01,36.9882779411764706,O3 (ug.m-3)
2023-03-01,18.9240578063478906,PM10 (ug.m-3)
2023-03-01,15.3678604400095188,PM2.5 (ug.m-3)
2023-03-01,28.8418159412698603,SO2 (ug.m-3)
2023-03-02,0.76059672642105263158,CO (mg.m-3)
2023-03-02,16.7504937100840695,NO2 (ug.m-3)
2023-03-02,33.7987746551724105,O3 (ug.m-3)
2023-03-02,19.3758658695703151,PM10 (ug.m-3)
2023-03-02,17.6888607244004857,PM2.5 (ug.m-3)
2023-03-02,17.4465177988603650,SO2 (ug.m-3)
2023-03-03,0.86893216335106382979,CO (mg.m-3)
2023-03-03,23.5672968787878645,NO2 (ug.m-3)
2023-03-03,23.8535850000000000,O3 (ug.m-3)
2023-03-03,43.2689536839196198,PM10 (ug.m-3)
2023-03-03,35.9096645591976983,PM2.5 (ug.m-3)
2023-03-03,18.0937553648459546,SO2 (ug.m-3)
2023-03-04,1.01040401347368421053,CO (mg.m-3)
2023-03-04,23.5365029956896793,NO2 (ug.m-3)
2023-03-04,22.2791100000000000,O3 (ug.m-3)
2023-03-04,52.0586977829311000,PM10 (ug.m-3)
2023-03-04,42.1975120025594833,PM2.5 (ug.m-3)
2023-03-04,16.7402382477590908,SO2 (ug.m-3)
2023-03-05,0.78175703273684210526,CO (mg.m-3)
2023-03-05,24.6073510677966017,NO2 (ug.m-3)
2023-03-05,40.7715037234042553,O3 (ug.m-3)
2023-03-05,31.8892673165916782,PM10 (ug.m-3)
2023-03-05,27.9421304641638807,PM2.5 (ug.m-3)
2023-03-05,16.2458166202279256,SO2 (ug.m-3)
2023-03-06,0.91624191376404494382,CO (mg.m-3)
2023-03-06,36.5283911175595089,NO2 (ug.m-3)
2023-03-06,37.2791154494382022,O3 (ug.m-3)
2023-03-06,31.8207434871807027,PM10 (ug.m-3)
2023-03-06,25.3726954281109991,PM2.5 (ug.m-3)
2023-03-06,23.8562944931547554,SO2 (ug.m-3)
2023-03-07,0.85772795044444444444,CO (mg.m-3)
2023-03-07,33.7372698977987642,NO2 (ug.m-3)
2023-03-07,44.3950041666666667,O3 (ug.m-3)
2023-03-07,29.1510882763002936,PM10 (ug.m-3)
2023-03-07,22.5021789402446596,PM2.5 (ug.m-3)
2023-03-07,24.0815952544025028,SO2 (ug.m-3)
2023-03-08,0.73780540382352941176,CO (mg.m-3)
2023-03-08,33.2629175280373794,NO2 (ug.m-3)
2023-03-08,54.4232088235294118,O3 (ug.m-3)
2023-03-08,22.8977355288091315,PM10 (ug.m-3)
2023-03-08,13.7159401564350463,PM2.5 (ug.m-3)
2023-03-08,22.2774397831746476,SO2 (ug.m-3)
2023-03-09,0.64410999631578947368,CO (mg.m-3)
2023-03-09,26.6136265254236983,NO2 (ug.m-3)
2023-03-09,52.6339149193548387,O3 (ug.m-3)
2023-03-09,12.6831326651796815,PM10 (ug.m-3)
2023-03-09,7.6723694266587800,PM2.5 (ug.m-3)
2023-03-09,18.3457921570621153,SO2 (ug.m-3)
2023-03-10,0.77249767450549450549,CO (mg.m-3)
2023-03-10,29.8723521091954397,NO2 (ug.m-3)
2023-03-10,36.4291647849462366,O3 (ug.m-3)
2023-03-10,16.2961589234394076,PM10 (ug.m-3)
2023-03-10,13.0141401221781822,PM2.5 (ug.m-3)
2023-03-10,15.7396148405983034,SO2 (ug.m-3)
2023-03-11,0.65584667036842105263,CO (mg.m-3)
2023-03-11,20.7037922231638203,NO2 (ug.m-3)
2023-03-11,45.1042970744680851,O3 (ug.m-3)
2023-03-11,14.2787567847480967,PM10 (ug.m-3)
2023-03-11,10.4012456879212417,PM2.5 (ug.m-3)
2023-03-11,13.9903299717948709,SO2 (ug.m-3)
2023-03-12,0.76085422845744680851,CO (mg.m-3)
2023-03-12,21.8571790607344534,NO2 (ug.m-3)
2023-03-12,52.3920250000000000,O3 (ug.m-3)
2023-03-12,24.1662655458084941,PM10 (ug.m-3)
2023-03-12,21.6980025704497831,PM2.5 (ug.m-3)
2023-03-12,11.3502340478632735,SO2 (ug.m-3)
2023-03-13,0.80463146141304347826,CO (mg.m-3)
2023-03-13,31.5475305889830025,NO2 (ug.m-3)
2023-03-13,47.7212843085106383,O3 (ug.m-3)
2023-03-13,27.9435342313012593,PM10 (ug.m-3)
2023-03-13,23.5234897722058763,PM2.5 (ug.m-3)
2023-03-13,23.7138083879310750,SO2 (ug.m-3)
2023-03-14,0.70148712274193548387,CO (mg.m-3)
2023-03-14,23.2306734478260843,NO2 (ug.m-3)
2023-03-14,60.3382269230769231,O3 (ug.m-3)
2023-03-14,21.7564373096650168,PM10 (ug.m-3)
2023-03-14,15.6785325895765899,PM2.5 (ug.m-3)
2023-03-14,16.0415551564436121,SO2 (ug.m-3)
2023-03-15,0.58905180846316666667,CO (mg.m-3)
2023-03-15,18.1977181233974625,NO2 (ug.m-3)
2023-03-15,41.0850214743589744,O3 (ug.m-3)
2023-03-15,20.1787534202067183,PM10 (ug.m-3)
2023-03-15,15.2643032869623837,PM2.5 (ug.m-3)
2023-03-15,13.7334522188118653,SO2 (ug.m-3)
2023-03-16,0.40579095168539325843,CO (mg.m-3)
2023-03-16,16.2259329998403963,NO2 (ug.m-3)
2023-03-16,56.6791259146341463,O3 (ug.m-3)
2023-03-16,14.4897200238534206,PM10 (ug.m-3)
2023-03-16,11.7180530920313598,PM2.5 (ug.m-3)
2023-03-16,10.1205427671339271,SO2 (ug.m-3)
2023-03-17,0.66679582000000000000,CO (mg.m-3)
2023-03-17,31.6387915555555613,NO2 (ug.m-3)
2023-03-17,40.4701067415730337,O3 (ug.m-3)
2023-03-17,30.4872164318376383,PM10 (ug.m-3)
2023-03-17,24.5172203371105670,PM2.5 (ug.m-3)
2023-03-17,16.4015770970237938,SO2 (ug.m-3)
2023-03-18,0.56023013921875000000,CO (mg.m-3)
2023-03-18,20.7586537878787926,NO2 (ug.m-3)
2023-03-18,55.4220100000000000,O3 (ug.m-3)
2023-03-18,25.7637668570338430,PM10 (ug.m-3)
2023-03-18,22.1624236328906512,PM2.5 (ug.m-3)
2023-03-18,13.4993536975988492,SO2 (ug.m-3)
2023-03-19,0.66630379808510638298,CO (mg.m-3)
2023-03-19,30.6697337263888875,NO2 (ug.m-3)
2023-03-19,57.4715970912782500,O3 (ug.m-3)
2023-03-19,28.2881632175607550,PM10 (ug.m-3)
2023-03-19,21.5016082687358167,PM2.5 (ug.m-3)
2023-03-19,15.7955149633718202,SO2 (ug.m-3)
2023-03-20,0.72321157704060706522,CO (mg.m-3)
2023-03-20,36.2743415000000090,NO2 (ug.m-3)
2023-03-20,45.1334405898876404,O3 (ug.m-3)
2023-03-20,44.4589158825339833,PM10 (ug.m-3)
2023-03-20,32.2576863792420000,PM2.5 (ug.m-3)
2023-03-20,15.8649562087340679,SO2 (ug.m-3)
2023-03-21,0.49965651904106932584,CO (mg.m-3)
2023-03-21,34.1293492399677781,NO2 (ug.m-3)
2023-03-21,40.0041536789297717,O3 (ug.m-3)
2023-03-21,41.1936898649921833,PM10 (ug.m-3)
2023-03-21,28.7305074296519750,PM2.5 (ug.m-3)
2023-03-21,8.8834919345675757,SO2 (ug.m-3)
2023-03-22,0.56706246430107526882,CO (mg.m-3)
2023-03-22,39.7905265469298558,NO2 (ug.m-3)
2023-03-22,38.6810691489361702,O3 (ug.m-3)
2023-03-22,43.0583800276584833,PM10 (ug.m-3)
2023-03-22,30.1349445322406642,PM2.5 (ug.m-3)
2023-03-22,10.6337095145299026,SO2 (ug.m-3)
2023-03-23,0.72009830520833333333,CO (mg.m-3)
2023-03-23,49.5883900925926214,NO2 (ug.m-3)
2023-03-23,43.4115857587314362,O3 (ug.m-3)
2023-03-23,47.5418828479962314,PM10 (ug.m-3)
2023-03-23,32.7501179015312967,PM2.5 (ug.m-3)
2023-03-23,15.7948333400560252,SO2 (ug.m-3)
2023-03-24,0.50053268715053763441,CO (mg.m-3)
2023-03-24,46.7581571263888558,NO2 (ug.m-3)
2023-03-24,45.4878747340425532,O3 (ug.m-3)
2023-03-24,36.6610860844599773,PM10 (ug.m-3)
2023-03-24,21.2818554612776317,PM2.5 (ug.m-3)
2023-03-24,26.0682099234195940,SO2 (ug.m-3)
2023-03-25,0.35108413005319148936,CO (mg.m-3)
2023-03-25,28.6939516569444383,NO2 (ug.m-3)
2023-03-25,52.1968300000000000,O3 (ug.m-3)
2023-03-25,17.9478997267374400,PM10 (ug.m-3)
2023-03-25,11.1729647769103875,PM2.5 (ug.m-3)
2023-03-25,9.3055127347725126,SO2 (ug.m-3)
2023-03-26,0.36216138465517241379,CO (mg.m-3)
2023-03-26,19.8204150233645215,NO2 (ug.m-3)
2023-03-26,58.6213933908045977,O3 (ug.m-3)
2023-03-26,8.4909271761188252,PM10 (ug.m-3)
2023-03-26,6.9090457521442108,PM2.5 (ug.m-3)
2023-03-26,10.4538366358024454,SO2 (ug.m-3)
2023-03-27,0.31409463074468085106,CO (mg.m-3)
2023-03-27,18.9149403267457240,NO2 (ug.m-3)
2023-03-27,59.5260601063829787,O3 (ug.m-3)
2023-03-27,8.5799773358574712,PM10 (ug.m-3)
2023-03-27,6.6517193843595941,PM2.5 (ug.m-3)
2023-03-27,10.6848899797101522,SO2 (ug.m-3)
2023-03-28,0.30150123288043478261,CO (mg.m-3)
2023-03-28,15.7063831522988629,NO2 (ug.m-3)
2023-03-28,61.2881518817204301,O3 (ug.m-3)
2023-03-28,13.0490842624076085,PM10 (ug.m-3)
2023-03-28,7.2385805429423752,PM2.5 (ug.m-3)
2023-03-28,8.2729619112535650,SO2 (ug.m-3)
2023-03-29,0.37599832553191489362,CO (mg.m-3)
2023-03-29,23.0007650463767904,NO2 (ug.m-3)
2023-03-29,56.9633994623655914,O3 (ug.m-3)
2023-03-29,16.8367901461897294,PM10 (ug.m-3)
2023-03-29,13.0390603226636311,PM2.5 (ug.m-3)
2023-03-29,9.9301934706552795,SO2 (ug.m-3)
2023-03-30,0.46000797410526315789,CO (mg.m-3)
2023-03-30,37.2355629873949303,NO2 (ug.m-3)
2023-03-30,54.4320703150572872,O3 (ug.m-3)
2023-03-30,26.8220913673347212,PM10 (ug.m-3)
2023-03-30,17.9912323162382500,PM2.5 (ug.m-3)
2023-03-30,40.1963298077586845,SO2 (ug.m-3)
2023-03-31,0.40297661990384615385,CO (mg.m-3)
2023-03-31,33.4777924192707859,NO2 (ug.m-3)
2023-03-31,48.9599464285714286,O3 (ug.m-3)
2023-03-31,23.0129359690138260,PM10 (ug.m-3)
2023-03-31,14.5981633333333380,PM2.5 (ug.m-3)
2023-03-31,11.0888012877334097,SO2 (ug.m-3)
